adam.brown@gmail.com,Adam,Brown,1984-12-22,41 Hill,California,Norwalk,90650
alan.cook@hotmail.com,Alan,Cook,NULL,115 Sunset,California,Inglewood,90301
albert.wood@gmail.com,Albert,Wood,1962-01-30,780 Sixth,California,Bell Gardens,90201
anna.thompson@hotmail.com,Anna,Thompson,1997-05-11,716 Meadow,California,Los Angeles,90032
anne.parker@icloud.com,Anne,Parker,1973-10-21,130 Eleventh,California,Carson,90248
ashley.adams@icloud.com,Ashley,Adams,1984-02-23,101 North,California,Carson,90749
ashley.flores@animalshelter.com,Ashley,Flores,1976-04-08,282 North,California,Carson,90749
benjamin.edwards@icloud.com,Benjamin,Edwards,1990-01-08,578 Dogwood,California,Manhattan Beach,90266
bonnie.davis@icloud.com,Bonnie,Davis,1951-01-29,193 Lake,California,West Hollywood,90048
brenda.martin@gmail.com,Brenda,Martin,1952-04-16,129 South,California,Santa Monica,90403
bruce.cook@icloud.com,Bruce,Cook,1953-01-12,667 Church,California,South Whittier,90605
bruce.harris@hotmail.com,Bruce,Harris,1957-11-26,370 Church,California,South Whittier,90605
carol.mitchell@gmail.com,Carol,Mitchell,1994-02-11,506 Cherry,California,Torrance,90503
carolyn.nelson@icloud.com,Carolyn,Nelson,1985-11-27,39 Third,California,Whittier,90605
catherine.howard@icloud.com,Catherine,Howard,1952-03-07,806 Second,California,Los Angeles,90068
catherine.nguyen@hotmail.com,Catherine,Nguyen,1946-03-29,882 Second,California,Los Angeles,90068
charles.phillips@gmail.com,Charles,Phillips,1980-05-11,812 Hill,California,Long Beach,90813
cynthia.campbell@hotmail.com,Cynthia,Campbell,1969-01-02,902 Eighth,California,Inglewood,90307
denise.ortiz@yahoo.com,Denise,Ortiz,1982-04-01,996 Cherry,California,Santa Monica,90407
dennis.hill@animalshelter.com,Dennis,Hill,NULL,941 Thirteenth,California,Gardena,90247
diane.thompson@hotmail.com,Diane,Thompson,1998-06-25,762 Church,California,Willowbrook,90059
donna.brooks@hotmail.com,Donna,Brooks,1966-04-05,972 Cherry,California,Los Angeles,90068
doris.young@icloud.com,Doris,Young,1954-02-15,511 Ridge,California,Torrance,90501
elizabeth.clark@icloud.com,Elizabeth,Clark,1949-02-23,443 Twelfth,California,Rancho Palos Verdes,90275
emily.perez@gmail.com,Emily,Perez,1971-08-25,759 Dogwood,California,Lynwood,90262
eugene.howard@icloud.com,Eugene,Howard,1958-01-20,647 Eleventh,California,Inglewood,90309
evelyn.rodriguez@outlook.com,Evelyn,Rodriguez,1965-04-10,793 Sixth,California,West Rancho Dominguez,90059
frances.cook@yahoo.com,Frances,Cook,1973-08-13,351 Forest,California,Compton,90220
frances.hill@animalshelter.com,Frances,Hill,1953-01-29,406 Forest,California,Compton,90220
frank.smith@icloud.com,Frank,Smith,1997-09-20,390 Jefferson,California,Walnut Park,90255
fred.james@gmail.com,Fred,James,1972-08-08,293 Second,California,Los Angeles,90069
fred.patel@gmail.com,Fred,Patel,1953-03-10,899 Second,California,Los Angeles,90069
george.nzalez@icloud.com,George,nzalez,1952-12-11,209 Cedar,California,Los Angeles,90004
george.scott@hotmail.com,George,Scott,1982-05-03,424 Cedar,California,Los Angeles,90004
gerald.reyes@animalshelter.com,Gerald,Reyes,1956-02-10,761 Eighth,California,Long Beach,90853
gerald.thompson@icloud.com,Gerald,Thompson,1994-04-07,631 Eighth,California,Long Beach,90853
gloria.wright@hotmail.com,Gloria,Wright,1947-12-21,439 Fourteenth,California,Whittier,90603
grery.evans@icloud.com,Grery,Evans,1967-12-22,481 Seventh,California,East Rancho Dominguez,90221
grery.james@icloud.com,Grery,James,1994-09-24,337 Seventh,California,East Rancho Dominguez,90221
harold.clark@icloud.com,Harold,Clark,1987-09-26,771 Ninth,California,Whittier,90601
harry.wilson@yahoo.com,Harry,Wilson,1976-02-06,886 Elm,California,Compton,90223
heather.turner@yahoo.com,Heather,Turner,1974-09-11,909 Twelfth,California,Paramount,90723
howard.bailey@gmail.com,Howard,Bailey,1995-11-13,1000 Adams,California,View Park-Windsor Hills,90056
irene.mendoza@gmail.com,Irene,Mendoza,1985-11-23,84 Elm,California,Florence-Graham,90052
jacqueline.phillips@gmail.com,Jacqueline,Phillips,NULL,519 Johnson,California,Long Beach,90853
james.ramos@hotmail.com,James,Ramos,1962-08-07,968 Cherry,California,Carson,90745
janet.evans@gmail.com,Janet,Evans,1980-12-07,519 Oak,California,Lakewood,90711
jeffrey.mez@gmail.com,Jeffrey,mez,1961-04-17,51 Cedar,California,Whittier,90603
jerry.cox@icloud.com,Jerry,Cox,1958-04-04,353 Johnson,California,South Whittier,90605
jerry.mitchell@icloud.com,Jerry,Mitchell,1981-09-22,732 Johnson,California,South Whittier,90605
jesse.cox@yahoo.com,Jesse,Cox,1990-07-26,544 North,California,South Gate,90280
jesse.myers@gmail.com,Jesse,Myers,1975-02-14,684 North,California,South Gate,90280
jessica.ward@icloud.com,Jessica,Ward,1953-11-28,515 West,California,Downey,90242
jimmy.jones@yahoo.com,Jimmy,Jones,NULL,226 Fourth,California,Inglewood,90303
joan.cooper@icloud.com,Joan,Cooper,1986-04-03,173 West,California,Compton,90221
jonathan.mez@hotmail.com,Jonathan,mez,1989-07-09,319 Johnson,California,Los Angeles,90069
joyce.nzalez@hotmail.com,Joyce,nzalez,1970-07-02,204 Cedar,California,View Park-Windsor Hills,90043
julia.flores@yahoo.com,Julia,Flores,1988-01-12,442 Lake view,California,Bell Gardens,90201
julie.adams@gmail.com,Julie,Adams,1957-01-31,133 Hill,California,Gardena,90247
julie.price@icloud.com,Julie,Price,1962-11-29,2 Hill,California,Gardena,90247
justin.ruiz@hotmail.com,Justin,Ruiz,1991-07-13,157 Church,California,Gardena,90247
justin.sanchez@yahoo.com,Justin,Sanchez,1992-02-03,415 Church,California,Gardena,90247
karen.smith@icloud.com,Karen,Smith,1948-03-01,110 North,California,West Rancho Dominguez,90220
katherine.murphy@gmail.com,Katherine,Murphy,1957-05-15,191 Lincoln,California,Commerce,90022
katherine.price@gmail.com,Katherine,Price,1997-09-23,949 Lincoln,California,Commerce,90022
kathryn.lopez@icloud.com,Kathryn,Lopez,1990-08-30,622 Madison,California,Los Angeles,90034
kathy.thomas@gmail.com,Kathy,Thomas,1952-04-08,427 Main,California,Lakewood,90712
kelly.allen@hotmail.com,Kelly,Allen,NULL,651 Hickory,California,Long Beach,90840
kevin.diaz@hotmail.com,Kevin,Diaz,1974-01-18,262 Jackson,California,Torrance,90509
kimberly.morgan@gmail.com,Kimberly,Morgan,1956-01-29,2 Washington,California,Torrance,90503
laura.young@gmail.com,Laura,Young,1987-05-19,29 First,California,Torrance,90503
linda.kelly@gmail.com,Linda,Kelly,1997-04-26,51 Seventh,California,Compton,90221
lisa.perez@icloud.com,Lisa,Perez,1949-08-08,502 River,California,Hawthorne,90310
lori.smith@icloud.com,Lori,Smith,1977-02-11,324 Sixth,California,Signal Hill,90755
margaret.campbell@hotmail.com,Margaret,Campbell,1960-11-03,424 Eleventh,California,Los Angeles,90247
margaret.hall@gmail.com,Margaret,Hall,1994-09-15,344 Eleventh,California,Los Angeles,90247
matthew.lopez@gmail.com,Matthew,Lopez,1988-02-15,38 Dogwood,California,Torrance,90510
matthew.ward@icloud.com,Matthew,Ward,1949-12-04,240 Dogwood,California,Torrance,90510
melissa.lopez@gmail.com,Melissa,Lopez,NULL,43 Park,California,Bell Gardens,90202
melissa.moore@icloud.com,Melissa,Moore,1960-06-27,156 Park,California,Bell Gardens,90202
mildred.gray@yahoo.com,Mildred,Gray,1949-03-23,193 Sixth,California,Long Beach,90847
nancy.howard@hotmail.com,Nancy,Howard,1970-03-15,587 Hickory,California,Carson,90224
nicholas.rivera@icloud.com,Nicholas,Rivera,1993-09-07,129 Adams,California,Long Beach,90853
nicole.evans@gmail.com,Nicole,Evans,1954-07-02,608 Jefferson,California,Signal Hill,90755
nicole.mendoza@gmail.com,Nicole,Mendoza,NULL,76 Jefferson,California,Signal Hill,90755
patricia.wright@icloud.com,Patricia,Wright,1953-07-18,486 Chestnut,California,Santa Fe Springs,90670
patrick.hughes@animalshelter.com,Patrick,Hughes,1988-10-11,660 Spruce,California,La Mirada,90638
peter.smith@hotmail.com,Peter,Smith,1986-08-27,56 Main,California,Los Angeles,90004
phyllis.davis@icloud.com,Phyllis,Davis,1993-10-20,508 Eighth,California,Santa Monica,90408
phyllis.moore@gmail.com,Phyllis,Moore,1988-09-22,583 Eighth,California,Santa Monica,90408
randy.bailey@icloud.com,Randy,Bailey,1973-07-13,980 Oak,California,Compton,90223
richard.castillo@icloud.com,Richard,Castillo,1978-12-26,287 River,California,Culver City,90233
robin.miller@yahoo.com,Robin,Miller,1965-12-11,216 Hill,California,East Los Angeles,90022
robin.murphy@animalshelter.com,Robin,Murphy,1974-10-13,673 Hill,California,East Los Angeles,90022
roger.adams@hotmail.com,Roger,Adams,1947-05-09,639 West,California,Los Angeles,90031
roy.rogers@hotmail.com,Roy,Rogers,1958-07-29,836 Twelfth,California,Los Angeles,90039
ruby.lopez@yahoo.com,Ruby,Lopez,1979-04-05,808 Cedar,California,Long Beach,90804
ryan.garcia@hotmail.com,Ryan,Garcia,1975-03-09,787 Wilson,California,Downey,90239
ryan.hill@icloud.com,Ryan,Hill,1960-11-03,105 Wilson,California,Downey,90239
ryan.jackson@icloud.com,Ryan,Jackson,1947-10-07,487 Wilson,California,Downey,90239
ryan.wright@hotmail.com,Ryan,Wright,NULL,600 Wilson,California,Downey,90239
samuel.baker@gmail.com,Samuel,Baker,1980-01-17,889 Maple,California,Los Angeles,90247
samuel.morales@icloud.com,Samuel,Morales,NULL,896 Maple,California,Los Angeles,90247
sara.nelson@icloud.com,Sara,Nelson,1990-10-15,340 Fifth,California,View Park-Windsor Hills,90043
scott.baker@gmail.com,Scott,Baker,1986-01-11,190 Lake view,California,Los Angeles,90089
scott.gutierrez@gmail.com,Scott,Gutierrez,1985-11-26,993 Lake view,California,Los Angeles,90089
sean.nelson@icloud.com,Sean,Nelson,1986-04-28,339 Ninth,California,Los Angeles,90034
sharon.davis@animalshelter.com,Sharon,Davis,1988-09-25,372 Seventh,California,Los Angeles,90068
sharon.thompson@gmail.com,Sharon,Thompson,1970-06-24,688 Seventh,California,Los Angeles,90068
shirley.williams@outlook.com,Shirley,Williams,1966-08-17,11 Lincoln,California,Santa Monica,90408
stephanie.mez@icloud.com,Stephanie,mez,1994-06-26,539 West,California,Long Beach,90899
susan.murphy@icloud.com,Susan,Murphy,1961-08-02,246 Spruce,California,Long Beach,90808
theresa.carter@icloud.com,Theresa,Carter,1968-08-27,401 Lincoln,California,Long Beach,90831
timothy.anderson@gmail.com,Timothy,Anderson,1973-05-08,33 Seventh,California,Commerce,90023
virginia.baker@gmail.com,Virginia,Baker,1990-11-25,6 Jefferson,California,Santa Monica,90410
walter.edwards@icloud.com,Walter,Edwards,1963-09-04,137 Church,California,Pico Rivera,90661
wanda.gray@icloud.com,Wanda,Gray,1963-03-18,946 Cedar,California,Los Angeles,90710
wanda.myers@animalshelter.com,Wanda,Myers,1975-02-05,663 Cedar,California,Los Angeles,90710
wayne.carter@animalshelter.com,Wayne,Carter,1988-03-15,341 Washington,California,Inglewood,90309
wayne.turner@icloud.com,Wayne,Turner,1966-02-18,350 Washington,California,Inglewood,90309
